"Estimate","Std..Error","df","t.value","Pr...t.."
2.67522342216514,0.232414761553054,14.3182728736044,11.510557265333,1.25579731677793e-08
