"Estimate","Std..Error","df","t.value","Pr...t.."
48.078644787776,1.04585703155377,14.146246676011,45.9705708688963,8.32725995561737e-17
